losses,metrics,optimizers,actovatons1,actovatons2,acc,ture_acc
'categorical_hinge', 'binary_accuracy', 'rmsprop', 'tanh', 'softmax',0.99166683356,0.9606
'categorical_hinge', 'binary_accuracy', 'adamax', 'tanh', 'softmax',0.990150163571,0.9511
'categorical_hinge', 'categorical_accuracy', 'rmsprop', 'tanh', 'softmax',0.95975005875,0.9632
'categorical_hinge', 'categorical_accuracy', 'adamax', 'tanh', 'softmax',0.863916687667,0.8624
'poisson', 'binary_accuracy', 'rmsprop', 'tanh', 'softmax',0.993125160535,0.964
'poisson', 'binary_accuracy', 'adamax', 'tanh', 'softmax',0.992041841149,0.9571
'poisson', 'categorical_accuracy', 'rmsprop', 'tanh', 'softmax',0.966416719059,0.9668
'poisson', 'categorical_accuracy', 'adamax', 'tanh', 'softmax',0.959666709105,0.9613
'categorical_crossentropy', 'binary_accuracy', 'rmsprop', 'tanh', 'softmax',0.992950168749,0.9635
'categorical_crossentropy', 'binary_accuracy', 'adamax', 'tanh', 'softmax',0.991800174117,0.957
'categorical_crossentropy', 'categorical_accuracy', 'rmsprop', 'tanh', 'softmax',0.963666709761,0.9655
'categorical_crossentropy', 'categorical_accuracy', 'adamax', 'tanh', 'softmax',0.959750043849,0.9581
'poisson', 'categorical_accuracy', 'rmsprop', 'tanh', 'softmax',0.967666710416,0.9705
'poisson', 'categorical_accuracy', 'adamax', 'tanh', 'softmax',0.960583371421,0.9574
'categorical_crossentropy', 'binary_accuracy', 'rmsprop', 'tanh', 'softmax',0.993533529341,0.9675
'categorical_crossentropy', 'binary_accuracy', 'adamax', 'tanh', 'softmax',0.991591823598,0.9572
'categorical_crossentropy', 'categorical_accuracy', 'rmsprop', 'tanh', 'softmax',0.965916698178,0.9644
'categorical_crossentropy', 'categorical_accuracy', 'adamax', 'tanh', 'softmax',0.957416713238,0.9564
'categorical_crossentropy', 'binary_accuracy', 'adamax', 'tanh', 'softmax',0.992033494016,0.9599
'categorical_crossentropy', 'categorical_accuracy', 'rmsprop', 'tanh', 'softmax',0.966833380361,0.969
'categorical_crossentropy', 'categorical_accuracy', 'adamax', 'tanh', 'softmax',0.959666694204,0.9597
'categorical_crossentropy', 'categorical_accuracy', 'rmsprop', 'sigmoid', 'softmax',0.953000018994,0.9544
'categorical_crossentropy', 'categorical_accuracy', 'adamax', 'sigmoid', 'softmax',0.933416716754,0.9275
'categorical_crossentropy', 'categorical_accuracy', 'adamax', 'sigmoid', 'softmax',0.935166701674,0.9288
'categorical_hinge', 'binary_accuracy', 'rmsprop', 'tanh', 'softmax',0.991008490324,0.9526
'categorical_hinge', 'binary_accuracy', 'adamax', 'tanh', 'softmax',0.976875163615,0.8745
'categorical_hinge', 'categorical_accuracy', 'rmsprop', 'tanh', 'softmax',0.957333363593,0.9617
'categorical_hinge', 'categorical_accuracy', 'adamax', 'tanh', 'softmax',0.950833365321,0.9531
'poisson', 'binary_accuracy', 'rmsprop', 'tanh', 'softmax',0.993875163297,0.9692
'poisson', 'binary_accuracy', 'adamax', 'tanh', 'softmax',0.992400184274,0.9557
'poisson', 'categorical_accuracy', 'rmsprop', 'tanh', 'softmax',0.961250046889,0.9643
'poisson', 'categorical_accuracy', 'adamax', 'tanh', 'softmax',0.957750044763,0.9553
'categorical_crossentropy', 'binary_accuracy', 'rmsprop', 'tanh', 'softmax',0.993216827512,0.9663
'categorical_crossentropy', 'binary_accuracy', 'adamax', 'tanh', 'softmax',0.991941832006,0.9564
'categorical_crossentropy', 'categorical_accuracy', 'rmsprop', 'tanh', 'softmax',0.964416705072,0.9589
'categorical_crossentropy', 'categorical_accuracy', 'adamax', 'tanh', 'softmax',0.957833381991,0.9612
'categorical_hinge', 'binary_accuracy', 'rmsprop', 'tanh', 'softmax',0.991891833643,0.9613
'categorical_hinge', 'binary_accuracy', 'adamax', 'tanh', 'softmax',0.989725165069,0.9494
'categorical_hinge', 'categorical_accuracy', 'rmsprop', 'tanh', 'softmax',0.958916708827,0.962
'categorical_hinge', 'categorical_accuracy', 'adamax', 'tanh', 'softmax',0.862583349148,0.8606
'poisson', 'binary_accuracy', 'rmsprop', 'tanh', 'softmax',0.99344184498,0.9666
'poisson', 'binary_accuracy', 'adamax', 'tanh', 'softmax',0.992166829606,0.9577
'poisson', 'categorical_accuracy', 'rmsprop', 'tanh', 'softmax',0.965833375851,0.969
'poisson', 'categorical_accuracy', 'adamax', 'tanh', 'softmax',0.958750036856,0.9555
'categorical_crossentropy', 'binary_accuracy', 'rmsprop', 'tanh', 'softmax',0.993550168971,0.9701
'categorical_crossentropy', 'binary_accuracy', 'adamax', 'tanh', 'softmax',0.991925174991,0.9572
'categorical_crossentropy', 'categorical_accuracy', 'rmsprop', 'tanh', 'softmax',0.969083353877,0.97
'categorical_crossentropy', 'categorical_accuracy', 'adamax', 'tanh', 'softmax',0.960666701198,0.955
'categorical_hinge', 'binary_accuracy', 'rmsprop', 'tanh', 'softmax',0.99186681211,0.9611
'categorical_hinge', 'binary_accuracy', 'adamax', 'tanh', 'softmax',0.965650141239,0.777
'categorical_hinge', 'categorical_accuracy', 'rmsprop', 'tanh', 'softmax',0.958916691442,0.9583
'categorical_hinge', 'categorical_accuracy', 'adamax', 'tanh', 'softmax',0.946916711827,0.9488
'poisson', 'binary_accuracy', 'rmsprop', 'tanh', 'softmax',0.993616834283,0.9743
'poisson', 'binary_accuracy', 'adamax', 'tanh', 'softmax',0.991666831076,0.9563
'poisson', 'categorical_accuracy', 'rmsprop', 'tanh', 'softmax',0.966000045339,0.9673
'poisson', 'categorical_accuracy', 'adamax', 'tanh', 'softmax',0.958250043293,0.9566
'categorical_crossentropy', 'binary_accuracy', 'rmsprop', 'tanh', 'softmax',0.993641835948,0.9674
'categorical_crossentropy', 'binary_accuracy', 'adamax', 'tanh', 'softmax',0.992266848683,0.9599
'categorical_crossentropy', 'categorical_accuracy', 'rmsprop', 'tanh', 'softmax',0.965583396455,0.9658
'categorical_crossentropy', 'categorical_accuracy', 'adamax', 'tanh', 'softmax',0.958416712781,0.9513
'categorical_hinge', 'binary_accuracy', 'rmsprop', 'tanh', 'softmax',0.991866827011,0.9581
'categorical_hinge', 'binary_accuracy', 'adamax', 'tanh', 'softmax',0.978450151781,0.8606
'categorical_hinge', 'categorical_accuracy', 'rmsprop', 'tanh', 'softmax',0.960250034928,0.9595
'categorical_hinge', 'categorical_accuracy', 'adamax', 'tanh', 'softmax',0.858833350241,0.8593
'poisson', 'binary_accuracy', 'rmsprop', 'tanh', 'softmax',0.99333350112,0.969
'poisson', 'binary_accuracy', 'adamax', 'tanh', 'softmax',0.992041836182,0.9518
'poisson', 'categorical_accuracy', 'rmsprop', 'tanh', 'softmax',0.962750049929,0.969
'poisson', 'categorical_accuracy', 'adamax', 'tanh', 'softmax',0.956750042737,0.9506
'categorical_crossentropy', 'binary_accuracy', 'rmsprop', 'tanh', 'softmax',0.993333496153,0.9664
'categorical_crossentropy', 'binary_accuracy', 'adamax', 'tanh', 'softmax',0.992241847018,0.9523
'categorical_crossentropy', 'categorical_accuracy', 'rmsprop', 'tanh', 'softmax',0.965166707834,0.9639
'categorical_crossentropy', 'categorical_accuracy', 'adamax', 'tanh', 'softmax',0.957916716735,0.9535
'categorical_hinge', 'binary_accuracy', 'rmsprop', 'tanh', 'softmax',0.991866829495,0.9581
'categorical_hinge', 'binary_accuracy', 'adamax', 'tanh', 'softmax',0.9901918148,0.9528
'categorical_hinge', 'categorical_accuracy', 'rmsprop', 'tanh', 'softmax',0.958833374083,0.9622
'categorical_hinge', 'categorical_accuracy', 'adamax', 'tanh', 'softmax',0.862083348135,0.8581
'poisson', 'binary_accuracy', 'rmsprop', 'tanh', 'softmax',0.993441840013,0.9725
'poisson', 'binary_accuracy', 'adamax', 'tanh', 'softmax',0.991950169206,0.9569
'poisson', 'categorical_accuracy', 'rmsprop', 'tanh', 'softmax',0.966333356996,0.9675
'poisson', 'categorical_accuracy', 'adamax', 'tanh', 'softmax',0.96050003916,0.9591
'categorical_crossentropy', 'binary_accuracy', 'rmsprop', 'tanh', 'softmax',0.992950168749,0.9665
'categorical_crossentropy', 'binary_accuracy', 'adamax', 'tanh', 'softmax',0.991691845159,0.9566
'categorical_crossentropy', 'categorical_accuracy', 'rmsprop', 'tanh', 'softmax',0.962916704516,0.9556
'categorical_crossentropy', 'categorical_accuracy', 'adamax', 'tanh', 'softmax',0.958583384752,0.9513
'categorical_hinge', 'binary_accuracy', 'rmsprop', 'tanh', 'softmax',0.991675168276,0.9617
'categorical_hinge', 'binary_accuracy', 'adamax', 'tanh', 'softmax',0.98917517066,0.9432
'categorical_hinge', 'categorical_accuracy', 'rmsprop', 'tanh', 'softmax',0.959333365162,0.9577
'categorical_hinge', 'categorical_accuracy', 'adamax', 'tanh', 'softmax',0.950750035544,0.9498
'poisson', 'binary_accuracy', 'rmsprop', 'tanh', 'softmax',0.993583507836,0.9691
'poisson', 'binary_accuracy', 'adamax', 'tanh', 'softmax',0.991808503866,0.9517
'poisson', 'categorical_accuracy', 'rmsprop', 'tanh', 'softmax',0.962583377957,0.9615
'poisson', 'categorical_accuracy', 'adamax', 'tanh', 'softmax',0.959916705887,0.9562
'categorical_crossentropy', 'binary_accuracy', 'rmsprop', 'tanh', 'softmax',0.993575168153,0.9685
'categorical_crossentropy', 'binary_accuracy', 'adamax', 'tanh', 'softmax',0.992100174228,0.9546
'categorical_crossentropy', 'categorical_accuracy', 'rmsprop', 'tanh', 'softmax',0.963500037789,0.9673
'categorical_crossentropy', 'categorical_accuracy', 'adamax', 'tanh', 'softmax',0.958916706343,0.9523
'categorical_hinge', 'binary_accuracy', 'rmsprop', 'tanh', 'softmax',0.991491826872,0.9606
'categorical_hinge', 'binary_accuracy', 'adamax', 'tanh', 'softmax',0.989566820363,0.9467
'categorical_hinge', 'categorical_accuracy', 'rmsprop', 'tanh', 'softmax',0.959500032167,0.9585
'categorical_hinge', 'categorical_accuracy', 'adamax', 'tanh', 'softmax',0.948500014842,0.9517
'poisson', 'binary_accuracy', 'rmsprop', 'tanh', 'softmax',0.993483501176,0.97
'poisson', 'binary_accuracy', 'adamax', 'tanh', 'softmax',0.991766842703,0.9537
'poisson', 'categorical_accuracy', 'rmsprop', 'tanh', 'softmax',0.965666718781,0.9643
'poisson', 'categorical_accuracy', 'adamax', 'tanh', 'softmax',0.960916720331,0.9589
'categorical_crossentropy', 'binary_accuracy', 'rmsprop', 'tanh', 'softmax',0.992733513316,0.9701
'categorical_crossentropy', 'binary_accuracy', 'adamax', 'tanh', 'softmax',0.99223348995,0.9582
'categorical_crossentropy', 'categorical_accuracy', 'rmsprop', 'tanh', 'softmax',0.966000042856,0.965
'categorical_crossentropy', 'categorical_accuracy', 'adamax', 'tanh', 'softmax',0.958333368103,0.9549
'categorical_hinge', 'binary_accuracy', 'rmsprop', 'tanh', 'softmax',0.991975173354,0.9617
'categorical_hinge', 'binary_accuracy', 'adamax', 'tanh', 'softmax',0.989958502352,0.9503
'categorical_hinge', 'categorical_accuracy', 'rmsprop', 'tanh', 'softmax',0.960666698714,0.9594
'categorical_hinge', 'categorical_accuracy', 'adamax', 'tanh', 'softmax',0.871166683733,0.8712
'poisson', 'binary_accuracy', 'rmsprop', 'tanh', 'softmax',0.99387516578,0.9701
'poisson', 'binary_accuracy', 'adamax', 'tanh', 'softmax',0.992241844535,0.9585
'poisson', 'categorical_accuracy', 'rmsprop', 'tanh', 'softmax',0.967000037432,0.9702
'poisson', 'categorical_accuracy', 'adamax', 'tanh', 'softmax',0.958833384017,0.9552
'categorical_crossentropy', 'binary_accuracy', 'rmsprop', 'tanh', 'softmax',0.993841831883,0.9675
'categorical_crossentropy', 'binary_accuracy', 'adamax', 'tanh', 'softmax',0.991883503894,0.9535
'categorical_crossentropy', 'categorical_accuracy', 'rmsprop', 'tanh', 'softmax',0.964000036319,0.9663
'categorical_crossentropy', 'categorical_accuracy', 'adamax', 'tanh', 'softmax',0.957250023882,0.9565
'categorical_hinge', 'binary_accuracy', 'rmsprop', 'tanh', 'softmax',0.991933484872,0.9614
'categorical_hinge', 'binary_accuracy', 'adamax', 'tanh', 'softmax',0.979225166142,0.8534
'categorical_hinge', 'categorical_accuracy', 'rmsprop', 'tanh', 'softmax',0.95741670082,0.9563
'categorical_hinge', 'categorical_accuracy', 'adamax', 'tanh', 'softmax',0.860833351811,0.8641
'poisson', 'binary_accuracy', 'rmsprop', 'tanh', 'softmax',0.993066842357,0.9511
'poisson', 'binary_accuracy', 'adamax', 'tanh', 'softmax',0.991875184079,0.9554
'poisson', 'categorical_accuracy', 'rmsprop', 'tanh', 'softmax',0.966250032187,0.9648
'poisson', 'categorical_accuracy', 'adamax', 'tanh', 'softmax',0.957916711768,0.9569
'categorical_crossentropy', 'binary_accuracy', 'rmsprop', 'tanh', 'softmax',0.993033505976,0.9657
'categorical_crossentropy', 'binary_accuracy', 'adamax', 'tanh', 'softmax',0.991733511289,0.9585
'categorical_crossentropy', 'categorical_accuracy', 'rmsprop', 'tanh', 'softmax',0.965166710317,0.9647
'categorical_crossentropy', 'categorical_accuracy', 'adamax', 'tanh', 'softmax',0.958666717013,0.957
'categorical_hinge', 'binary_accuracy', 'rmsprop', 'tanh', 'softmax',0.991775160034,0.9608
'categorical_hinge', 'binary_accuracy', 'adamax', 'tanh', 'softmax',0.977775173883,0.8598
'categorical_hinge', 'categorical_accuracy', 'rmsprop', 'tanh', 'softmax',0.954500049353,0.9553
'categorical_hinge', 'categorical_accuracy', 'adamax', 'tanh', 'softmax',0.771416674058,0.7646
'poisson', 'binary_accuracy', 'rmsprop', 'tanh', 'softmax',0.993408493698,0.9704
'poisson', 'binary_accuracy', 'adamax', 'tanh', 'softmax',0.992300180097,0.9582
'poisson', 'categorical_accuracy', 'rmsprop', 'tanh', 'softmax',0.966833367944,0.969
'poisson', 'categorical_accuracy', 'adamax', 'tanh', 'softmax',0.958833364149,0.957
'categorical_crossentropy', 'binary_accuracy', 'rmsprop', 'tanh', 'softmax',0.993125150601,0.9677
'categorical_crossentropy', 'binary_accuracy', 'adamax', 'tanh', 'softmax',0.992200170954,0.9539
'categorical_crossentropy', 'categorical_accuracy', 'rmsprop', 'tanh', 'softmax',0.96233338366,0.9611
'categorical_crossentropy', 'categorical_accuracy', 'adamax', 'tanh', 'softmax',0.956583378216,0.9552
'categorical_hinge', 'binary_accuracy', 'rmsprop', 'tanh', 'softmax',0.991916842759,0.96
'categorical_hinge', 'binary_accuracy', 'adamax', 'tanh', 'softmax',0.979375176132,0.8624
'categorical_hinge', 'categorical_accuracy', 'rmsprop', 'tanh', 'softmax',0.960000025729,0.9622
'categorical_hinge', 'categorical_accuracy', 'adamax', 'tanh', 'softmax',0.948750031491,0.9461
'poisson', 'binary_accuracy', 'rmsprop', 'tanh', 'softmax',0.993241839111,0.9674
'poisson', 'binary_accuracy', 'adamax', 'tanh', 'softmax',0.992433500787,0.9618
'poisson', 'categorical_accuracy', 'rmsprop', 'tanh', 'softmax',0.963750034571,0.9638
'poisson', 'categorical_accuracy', 'adamax', 'tanh', 'softmax',0.957416695853,0.9564
'categorical_crossentropy', 'binary_accuracy', 'rmsprop', 'tanh', 'softmax',0.993358527621,0.9668
'categorical_crossentropy', 'binary_accuracy', 'adamax', 'tanh', 'softmax',0.991675168276,0.953
'categorical_crossentropy', 'categorical_accuracy', 'rmsprop', 'tanh', 'softmax',0.966166712344,0.9705
'categorical_crossentropy', 'categorical_accuracy', 'adamax', 'tanh', 'softmax',0.960500026743,0.9583
'categorical_hinge', 'binary_accuracy', 'rmsprop', 'tanh', 'softmax',0.99183349063,0.9615
'categorical_hinge', 'binary_accuracy', 'adamax', 'tanh', 'softmax',0.981033508976,0.8605
'categorical_hinge', 'categorical_accuracy', 'rmsprop', 'tanh', 'softmax',0.957000051936,0.9575
'categorical_hinge', 'categorical_accuracy', 'adamax', 'tanh', 'softmax',0.866250013312,0.8639
'poisson', 'binary_accuracy', 'rmsprop', 'tanh', 'softmax',0.9931668366,0.9651
'poisson', 'binary_accuracy', 'adamax', 'tanh', 'softmax',0.99157517155,0.9529
'poisson', 'categorical_accuracy', 'rmsprop', 'tanh', 'softmax',0.966000055273,0.9664
'poisson', 'categorical_accuracy', 'adamax', 'tanh', 'softmax',0.957583375275,0.9573
'categorical_crossentropy', 'binary_accuracy', 'rmsprop', 'tanh', 'softmax',0.993591830134,0.9681
'categorical_crossentropy', 'binary_accuracy', 'adamax', 'tanh', 'softmax',0.991941854358,0.9608
'categorical_crossentropy', 'categorical_accuracy', 'rmsprop', 'tanh', 'softmax',0.965000038346,0.9672
'categorical_crossentropy', 'categorical_accuracy', 'adamax', 'tanh', 'softmax',0.958333355685,0.9568
'categorical_hinge', 'binary_accuracy', 'rmsprop', 'tanh', 'softmax',0.991375175615,0.9584
'categorical_hinge', 'binary_accuracy', 'adamax', 'tanh', 'softmax',0.978008491298,0.8535
'categorical_hinge', 'categorical_accuracy', 'rmsprop', 'tanh', 'softmax',0.95725004375,0.9606
'categorical_hinge', 'categorical_accuracy', 'adamax', 'tanh', 'softmax',0.950083360076,0.9495
'poisson', 'binary_accuracy', 'rmsprop', 'tanh', 'softmax',0.993216839929,0.9656
'poisson', 'binary_accuracy', 'adamax', 'tanh', 'softmax',0.991575186451,0.9553
'poisson', 'categorical_accuracy', 'rmsprop', 'tanh', 'softmax',0.967416703701,0.968
'poisson', 'categorical_accuracy', 'adamax', 'tanh', 'softmax',0.960416704416,0.9533
'categorical_crossentropy', 'binary_accuracy', 'rmsprop', 'tanh', 'softmax',0.993091819187,0.9667
'categorical_crossentropy', 'binary_accuracy', 'adamax', 'tanh', 'softmax',0.992183506489,0.9584
'categorical_crossentropy', 'categorical_accuracy', 'rmsprop', 'tanh', 'softmax',0.966416694224,0.9666
'categorical_crossentropy', 'categorical_accuracy', 'adamax', 'tanh', 'softmax',0.957250041266,0.956
'categorical_hinge', 'binary_accuracy', 'rmsprop', 'tanh', 'softmax',0.991825175782,0.9602
'categorical_hinge', 'binary_accuracy', 'adamax', 'tanh', 'softmax',0.980333509545,0.8602
'categorical_hinge', 'categorical_accuracy', 'rmsprop', 'tanh', 'softmax',0.957500047982,0.9583
'categorical_hinge', 'categorical_accuracy', 'adamax', 'tanh', 'softmax',0.946666695178,0.9511
'poisson', 'binary_accuracy', 'rmsprop', 'tanh', 'softmax',0.993225157261,0.9668
'poisson', 'binary_accuracy', 'adamax', 'tanh', 'softmax',0.99184182783,0.9571
'poisson', 'categorical_accuracy', 'rmsprop', 'tanh', 'softmax',0.964333382746,0.9694
'poisson', 'categorical_accuracy', 'adamax', 'tanh', 'softmax',0.956916707257,0.9561
'categorical_crossentropy', 'binary_accuracy', 'rmsprop', 'tanh', 'softmax',0.99347517391,0.9671
'categorical_crossentropy', 'binary_accuracy', 'adamax', 'tanh', 'softmax',0.992075160146,0.9584
'categorical_crossentropy', 'categorical_accuracy', 'rmsprop', 'tanh', 'softmax',0.964583362142,0.9656
'categorical_crossentropy', 'categorical_accuracy', 'adamax', 'tanh', 'softmax',0.959750046333,0.9585
'categorical_hinge', 'binary_accuracy', 'rmsprop', 'tanh', 'softmax',0.991975160937,0.9617
'categorical_hinge', 'binary_accuracy', 'adamax', 'tanh', 'softmax',0.98972517252,0.9472
'categorical_hinge', 'categorical_accuracy', 'rmsprop', 'tanh', 'softmax',0.957000042001,0.9595
'categorical_hinge', 'categorical_accuracy', 'adamax', 'tanh', 'softmax',0.857750025888,0.8584
'poisson', 'binary_accuracy', 'rmsprop', 'tanh', 'softmax',0.994016828636,0.9687
'poisson', 'binary_accuracy', 'adamax', 'tanh', 'softmax',0.992083492378,0.9588
'poisson', 'categorical_accuracy', 'rmsprop', 'tanh', 'softmax',0.96433335791,0.9682
'poisson', 'categorical_accuracy', 'adamax', 'tanh', 'softmax',0.958750041823,0.954
'categorical_crossentropy', 'binary_accuracy', 'rmsprop', 'tanh', 'softmax',0.992891848087,0.9708
'categorical_crossentropy', 'binary_accuracy', 'adamax', 'tanh', 'softmax',0.991891848544,0.9528
'categorical_crossentropy', 'categorical_accuracy', 'rmsprop', 'tanh', 'softmax',0.966666710873,0.9646
'categorical_crossentropy', 'categorical_accuracy', 'adamax', 'tanh', 'softmax',0.958416695396,0.9553
'categorical_hinge', 'binary_accuracy', 'rmsprop', 'tanh', 'softmax',0.991416831811,0.9593
'categorical_hinge', 'binary_accuracy', 'adamax', 'tanh', 'softmax',0.979100160301,0.8575
'categorical_hinge', 'categorical_accuracy', 'rmsprop', 'tanh', 'softmax',0.955166699986,0.9547
'categorical_hinge', 'categorical_accuracy', 'adamax', 'tanh', 'softmax',0.950500033796,0.9504
'poisson', 'binary_accuracy', 'rmsprop', 'tanh', 'softmax',0.993300174673,0.9679
'poisson', 'binary_accuracy', 'adamax', 'tanh', 'softmax',0.9918085138,0.9527
'poisson', 'categorical_accuracy', 'rmsprop', 'tanh', 'softmax',0.968333370984,0.9702
'poisson', 'categorical_accuracy', 'adamax', 'tanh', 'softmax',0.958250038326,0.9549
'categorical_crossentropy', 'binary_accuracy', 'rmsprop', 'tanh', 'softmax',0.993200190365,0.969
'categorical_crossentropy', 'binary_accuracy', 'adamax', 'tanh', 'softmax',0.992150187492,0.9548
'categorical_crossentropy', 'categorical_accuracy', 'rmsprop', 'tanh', 'softmax',0.966583386064,0.9738
'categorical_crossentropy', 'categorical_accuracy', 'adamax', 'tanh', 'softmax',0.958583364884,0.9596
'categorical_hinge', 'binary_accuracy', 'rmsprop', 'tanh', 'softmax',0.992350161076,0.9605
'categorical_hinge', 'binary_accuracy', 'adamax', 'tanh', 'softmax',0.978683489064,0.8597
'categorical_hinge', 'categorical_accuracy', 'rmsprop', 'tanh', 'softmax',0.958166686197,0.9585
'categorical_hinge', 'categorical_accuracy', 'adamax', 'tanh', 'softmax',0.857416684429,0.8583
'poisson', 'binary_accuracy', 'rmsprop', 'tanh', 'softmax',0.993433487912,0.9697
'poisson', 'binary_accuracy', 'adamax', 'tanh', 'softmax',0.992366828024,0.9577
'poisson', 'categorical_accuracy', 'rmsprop', 'tanh', 'softmax',0.968583372732,0.9735
'poisson', 'categorical_accuracy', 'adamax', 'tanh', 'softmax',0.958833369116,0.9614
'categorical_crossentropy', 'binary_accuracy', 'rmsprop', 'tanh', 'softmax',0.993308511873,0.9708
'categorical_crossentropy', 'binary_accuracy', 'adamax', 'tanh', 'softmax',0.991708494723,0.9551
'categorical_crossentropy', 'categorical_accuracy', 'rmsprop', 'tanh', 'softmax',0.964333372811,0.9686
'categorical_crossentropy', 'categorical_accuracy', 'adamax', 'tanh', 'softmax',0.959083378315,0.9525
'categorical_hinge', 'binary_accuracy', 'rmsprop', 'tanh', 'softmax',0.992100161811,0.9602
'categorical_hinge', 'binary_accuracy', 'adamax', 'tanh', 'softmax',0.978075154126,0.8594
'categorical_hinge', 'categorical_accuracy', 'rmsprop', 'tanh', 'softmax',0.958583372335,0.9609
'categorical_hinge', 'categorical_accuracy', 'adamax', 'tanh', 'softmax',0.948000043631,0.9513
'poisson', 'binary_accuracy', 'rmsprop', 'tanh', 'softmax',0.99338350445,0.9716
'poisson', 'binary_accuracy', 'adamax', 'tanh', 'softmax',0.992166849474,0.9535
'poisson', 'categorical_accuracy', 'rmsprop', 'tanh', 'softmax',0.967250041664,0.9672
'poisson', 'categorical_accuracy', 'adamax', 'tanh', 'softmax',0.958583387236,0.9595
'categorical_crossentropy', 'binary_accuracy', 'rmsprop', 'tanh', 'softmax',0.993166834116,0.968
'categorical_crossentropy', 'binary_accuracy', 'adamax', 'tanh', 'softmax',0.991733493904,0.9585
'categorical_crossentropy', 'categorical_accuracy', 'rmsprop', 'tanh', 'softmax',0.965333382289,0.9681
'categorical_crossentropy', 'categorical_accuracy', 'adamax', 'tanh', 'softmax',0.959166688224,0.9532
'categorical_hinge', 'binary_accuracy', 'rmsprop', 'tanh', 'softmax',0.992041831215,0.9574
'categorical_hinge', 'binary_accuracy', 'adamax', 'tanh', 'softmax',0.990733511746,0.9524
'categorical_hinge', 'categorical_accuracy', 'rmsprop', 'tanh', 'softmax',0.958916708827,0.9567
'categorical_hinge', 'categorical_accuracy', 'adamax', 'tanh', 'softmax',0.949916710456,0.9529
'poisson', 'binary_accuracy', 'rmsprop', 'tanh', 'softmax',0.993400163949,0.97
'poisson', 'binary_accuracy', 'adamax', 'tanh', 'softmax',0.991975180805,0.9568
'poisson', 'categorical_accuracy', 'rmsprop', 'tanh', 'softmax',0.967666715384,0.9718
'poisson', 'categorical_accuracy', 'adamax', 'tanh', 'softmax',0.959750038882,0.9578
'categorical_crossentropy', 'binary_accuracy', 'rmsprop', 'tanh', 'softmax',0.993008496861,0.9655
'categorical_crossentropy', 'binary_accuracy', 'adamax', 'tanh', 'softmax',0.991758495569,0.9615
'categorical_crossentropy', 'categorical_accuracy', 'rmsprop', 'tanh', 'softmax',0.966500038902,0.9671
'categorical_crossentropy', 'categorical_accuracy', 'adamax', 'tanh', 'softmax',0.956000027557,0.9555
'categorical_hinge', 'binary_accuracy', 'rmsprop', 'tanh', 'softmax',0.991750160853,0.9593
'categorical_hinge', 'binary_accuracy', 'adamax', 'tanh', 'softmax',0.978450176617,0.8585
'categorical_hinge', 'categorical_accuracy', 'rmsprop', 'tanh', 'softmax',0.957833379507,0.9598
'categorical_hinge', 'categorical_accuracy', 'adamax', 'tanh', 'softmax',0.945666698118,0.9508
'poisson', 'binary_accuracy', 'rmsprop', 'tanh', 'softmax',0.993391839166,0.9683
'poisson', 'binary_accuracy', 'adamax', 'tanh', 'softmax',0.991741841038,0.9523
'poisson', 'categorical_accuracy', 'rmsprop', 'tanh', 'softmax',0.967500040929,0.9674
'poisson', 'categorical_accuracy', 'adamax', 'tanh', 'softmax',0.957666705052,0.9519
'categorical_crossentropy', 'binary_accuracy', 'rmsprop', 'tanh', 'softmax',0.993541826804,0.9696
'categorical_crossentropy', 'binary_accuracy', 'adamax', 'tanh', 'softmax',0.991841850181,0.9527
'categorical_crossentropy', 'categorical_accuracy', 'rmsprop', 'tanh', 'softmax',0.964333355427,0.9735
'categorical_crossentropy', 'categorical_accuracy', 'adamax', 'tanh', 'softmax',0.960166707635,0.9533
'categorical_hinge', 'binary_accuracy', 'rmsprop', 'tanh', 'softmax',0.99147515744,0.9572
'categorical_hinge', 'binary_accuracy', 'adamax', 'tanh', 'softmax',0.976525175075,0.8513
'categorical_hinge', 'categorical_accuracy', 'rmsprop', 'tanh', 'softmax',0.958166696131,0.9597
'categorical_hinge', 'categorical_accuracy', 'adamax', 'tanh', 'softmax',0.859000032147,0.8565
'poisson', 'binary_accuracy', 'rmsprop', 'tanh', 'softmax',0.993350165586,0.9692
'poisson', 'binary_accuracy', 'adamax', 'tanh', 'softmax',0.991975175838,0.9527
'poisson', 'categorical_accuracy', 'rmsprop', 'tanh', 'softmax',0.965666708847,0.9688
'poisson', 'categorical_accuracy', 'adamax', 'tanh', 'softmax',0.958000041544,0.955
'categorical_crossentropy', 'binary_accuracy', 'rmsprop', 'tanh', 'softmax',0.993225152294,0.9656
'categorical_crossentropy', 'binary_accuracy', 'adamax', 'tanh', 'softmax',0.991475174824,0.9572
'categorical_crossentropy', 'categorical_accuracy', 'rmsprop', 'tanh', 'softmax',0.9667500332,0.9702
'categorical_crossentropy', 'categorical_accuracy', 'adamax', 'tanh', 'softmax',0.959583379328,0.9575
'categorical_hinge', 'binary_accuracy', 'rmsprop', 'tanh', 'softmax',0.992225165168,0.9581
'categorical_hinge', 'binary_accuracy', 'adamax', 'tanh', 'softmax',0.989858500659,0.9496
'categorical_hinge', 'categorical_accuracy', 'rmsprop', 'tanh', 'softmax',0.958833381534,0.9603
'categorical_hinge', 'categorical_accuracy', 'adamax', 'tanh', 'softmax',0.86116668582,0.8623
'poisson', 'binary_accuracy', 'rmsprop', 'tanh', 'softmax',0.993383497,0.9691
'poisson', 'binary_accuracy', 'adamax', 'tanh', 'softmax',0.991716831923,0.9583
'poisson', 'categorical_accuracy', 'rmsprop', 'tanh', 'softmax',0.967916699747,0.9715
'poisson', 'categorical_accuracy', 'adamax', 'tanh', 'softmax',0.957833367089,0.9548
'categorical_crossentropy', 'binary_accuracy', 'rmsprop', 'tanh', 'softmax',0.993658485512,0.9674
'categorical_crossentropy', 'binary_accuracy', 'adamax', 'tanh', 'softmax',0.992075155179,0.9572
'categorical_crossentropy', 'categorical_accuracy', 'rmsprop', 'tanh', 'softmax',0.967166709403,0.9709
'categorical_crossentropy', 'categorical_accuracy', 'adamax', 'tanh', 'softmax',0.960166705151,0.9569
'categorical_hinge', 'binary_accuracy', 'rmsprop', 'tanh', 'softmax',0.991891823709,0.9616
'categorical_hinge', 'binary_accuracy', 'adamax', 'tanh', 'softmax',0.990225173533,0.9518
'categorical_hinge', 'categorical_accuracy', 'rmsprop', 'tanh', 'softmax',0.960083375374,0.9616
'categorical_hinge', 'categorical_accuracy', 'adamax', 'tanh', 'softmax',0.946083379289,0.9506
'poisson', 'binary_accuracy', 'rmsprop', 'tanh', 'softmax',0.993183506032,0.9686
'poisson', 'binary_accuracy', 'adamax', 'tanh', 'softmax',0.991550174852,0.9602
'poisson', 'categorical_accuracy', 'rmsprop', 'tanh', 'softmax',0.963416703045,0.959
'poisson', 'categorical_accuracy', 'adamax', 'tanh', 'softmax',0.958750041823,0.9549
'categorical_crossentropy', 'binary_accuracy', 'rmsprop', 'tanh', 'softmax',0.992850172023,0.9728
'categorical_crossentropy', 'binary_accuracy', 'adamax', 'tanh', 'softmax',0.992241837084,0.958
'categorical_crossentropy', 'categorical_accuracy', 'rmsprop', 'tanh', 'softmax',0.96500005573,0.9682
'categorical_crossentropy', 'categorical_accuracy', 'adamax', 'tanh', 'softmax',0.960166717569,0.9558
'categorical_hinge', 'binary_accuracy', 'rmsprop', 'tanh', 'softmax',0.992008504768,0.9606
'categorical_hinge', 'binary_accuracy', 'adamax', 'tanh', 'softmax',0.979358499249,0.8617
'categorical_hinge', 'categorical_accuracy', 'rmsprop', 'tanh', 'softmax',0.957083371778,0.9538
'categorical_hinge', 'categorical_accuracy', 'adamax', 'tanh', 'softmax',0.862583359083,0.8606
'poisson', 'binary_accuracy', 'rmsprop', 'tanh', 'softmax',0.992933504283,0.9648
'poisson', 'binary_accuracy', 'adamax', 'tanh', 'softmax',0.991933507224,0.9509
'poisson', 'categorical_accuracy', 'rmsprop', 'tanh', 'softmax',0.967333376408,0.9693
'poisson', 'categorical_accuracy', 'adamax', 'tanh', 'softmax',0.957583375275,0.9589
'categorical_crossentropy', 'binary_accuracy', 'rmsprop', 'tanh', 'softmax',0.993150172134,0.968
'categorical_crossentropy', 'binary_accuracy', 'adamax', 'tanh', 'softmax',0.991883503894,0.9548
'categorical_crossentropy', 'categorical_accuracy', 'rmsprop', 'tanh', 'softmax',0.970083375772,0.9714
'categorical_crossentropy', 'categorical_accuracy', 'adamax', 'tanh', 'softmax',0.957583365341,0.9558
'categorical_hinge', 'binary_accuracy', 'rmsprop', 'tanh', 'softmax',0.991358498732,0.9585
'categorical_hinge', 'binary_accuracy', 'adamax', 'tanh', 'softmax',0.98980016013,0.9496
'categorical_hinge', 'categorical_accuracy', 'rmsprop', 'tanh', 'softmax',0.955083367725,0.9561
'categorical_hinge', 'categorical_accuracy', 'adamax', 'tanh', 'softmax',0.861500012378,0.8529
'poisson', 'binary_accuracy', 'rmsprop', 'tanh', 'softmax',0.992841817439,0.9622
'poisson', 'binary_accuracy', 'adamax', 'tanh', 'softmax',0.99230851233,0.9573
'poisson', 'categorical_accuracy', 'rmsprop', 'tanh', 'softmax',0.968083369235,0.9705
'poisson', 'categorical_accuracy', 'adamax', 'tanh', 'softmax',0.960250039895,0.9585
'categorical_crossentropy', 'binary_accuracy', 'rmsprop', 'tanh', 'softmax',0.993350158135,0.9646
'categorical_crossentropy', 'binary_accuracy', 'adamax', 'tanh', 'softmax',0.992008492351,0.9536
'categorical_crossentropy', 'categorical_accuracy', 'rmsprop', 'tanh', 'softmax',0.964916720986,0.9687
'categorical_crossentropy', 'categorical_accuracy', 'adamax', 'tanh', 'softmax',0.958166715999,0.9543
'categorical_hinge', 'binary_accuracy', 'rmsprop', 'tanh', 'softmax',0.990975166361,0.95
'categorical_hinge', 'binary_accuracy', 'adamax', 'tanh', 'softmax',0.97883348912,0.8611
'categorical_hinge', 'categorical_accuracy', 'rmsprop', 'tanh', 'softmax',0.957666692634,0.959
'categorical_hinge', 'categorical_accuracy', 'adamax', 'tanh', 'softmax',0.946750037372,0.9477
'poisson', 'binary_accuracy', 'rmsprop', 'tanh', 'softmax',0.993208492796,0.968
'poisson', 'binary_accuracy', 'adamax', 'tanh', 'softmax',0.991950161755,0.9531
'poisson', 'categorical_accuracy', 'rmsprop', 'tanh', 'softmax',0.968583380183,0.9692
'poisson', 'categorical_accuracy', 'adamax', 'tanh', 'softmax',0.956583360831,0.9527
'categorical_crossentropy', 'binary_accuracy', 'rmsprop', 'tanh', 'softmax',0.993233501911,0.9677
'categorical_crossentropy', 'binary_accuracy', 'adamax', 'tanh', 'softmax',0.991966846089,0.9612
'categorical_crossentropy', 'categorical_accuracy', 'rmsprop', 'tanh', 'softmax',0.965750031173,0.966
'categorical_crossentropy', 'categorical_accuracy', 'adamax', 'tanh', 'softmax',0.958750029405,0.9614
'categorical_hinge', 'binary_accuracy', 'rmsprop', 'tanh', 'softmax',0.991750153402,0.9605
'categorical_hinge', 'binary_accuracy', 'adamax', 'tanh', 'softmax',0.977566830814,0.874
'categorical_hinge', 'categorical_accuracy', 'rmsprop', 'tanh', 'softmax',0.957416710754,0.9609
'categorical_hinge', 'categorical_accuracy', 'adamax', 'tanh', 'softmax',0.865083356698,0.8605
'poisson', 'binary_accuracy', 'rmsprop', 'tanh', 'softmax',0.993458504478,0.9693
'poisson', 'binary_accuracy', 'adamax', 'tanh', 'softmax',0.992283500731,0.9564
'poisson', 'categorical_accuracy', 'rmsprop', 'tanh', 'softmax',0.967000032465,0.9669
'poisson', 'categorical_accuracy', 'adamax', 'tanh', 'softmax',0.960333372156,0.9583
'categorical_crossentropy', 'binary_accuracy', 'rmsprop', 'tanh', 'softmax',0.993300162256,0.9666
'categorical_crossentropy', 'binary_accuracy', 'adamax', 'tanh', 'softmax',0.991950161755,0.9523
'categorical_crossentropy', 'categorical_accuracy', 'rmsprop', 'tanh', 'softmax',0.965583366652,0.9659
'categorical_crossentropy', 'categorical_accuracy', 'adamax', 'tanh', 'softmax',0.960666706165,0.9577
'categorical_hinge', 'binary_accuracy', 'rmsprop', 'tanh', 'softmax',0.991225165625,0.9619
'categorical_hinge', 'binary_accuracy', 'adamax', 'tanh', 'softmax',0.980025174717,0.8655
'categorical_hinge', 'categorical_accuracy', 'rmsprop', 'tanh', 'softmax',0.958833364149,0.9556
'categorical_hinge', 'categorical_accuracy', 'adamax', 'tanh', 'softmax',0.859416668614,0.857
'poisson', 'binary_accuracy', 'rmsprop', 'tanh', 'softmax',0.993783493837,0.9707
'poisson', 'binary_accuracy', 'adamax', 'tanh', 'softmax',0.991916825374,0.9602
'poisson', 'categorical_accuracy', 'rmsprop', 'tanh', 'softmax',0.965000038346,0.9657
'poisson', 'categorical_accuracy', 'adamax', 'tanh', 'softmax',0.957416703304,0.9559
'categorical_crossentropy', 'binary_accuracy', 'rmsprop', 'tanh', 'softmax',0.993333498637,0.9677
'categorical_crossentropy', 'binary_accuracy', 'adamax', 'tanh', 'softmax',0.991691835225,0.9574
'categorical_crossentropy', 'categorical_accuracy', 'rmsprop', 'tanh', 'softmax',0.962000029782,0.9681
'categorical_crossentropy', 'categorical_accuracy', 'adamax', 'tanh', 'softmax',0.958250040809,0.9498
'categorical_hinge', 'binary_accuracy', 'rmsprop', 'tanh', 'softmax',0.991908508042,0.9596
'categorical_hinge', 'binary_accuracy', 'adamax', 'tanh', 'softmax',0.989525161684,0.9488
'categorical_hinge', 'categorical_accuracy', 'rmsprop', 'tanh', 'softmax',0.956416706244,0.9609
'categorical_hinge', 'categorical_accuracy', 'adamax', 'tanh', 'softmax',0.948583371937,0.9467
'poisson', 'binary_accuracy', 'rmsprop', 'tanh', 'softmax',0.99284183979,0.9669
'poisson', 'binary_accuracy', 'adamax', 'tanh', 'softmax',0.991983505587,0.9556
'poisson', 'categorical_accuracy', 'rmsprop', 'tanh', 'softmax',0.967500045896,0.9682
'poisson', 'categorical_accuracy', 'adamax', 'tanh', 'softmax',0.956750042737,0.9581
'categorical_crossentropy', 'binary_accuracy', 'rmsprop', 'tanh', 'softmax',0.993700159093,0.9708
'categorical_crossentropy', 'binary_accuracy', 'adamax', 'tanh', 'softmax',0.991666816175,0.9522
'categorical_crossentropy', 'categorical_accuracy', 'rmsprop', 'tanh', 'softmax',0.967750047644,0.9729
'categorical_crossentropy', 'categorical_accuracy', 'adamax', 'tanh', 'softmax',0.95775004973,0.958
'categorical_hinge', 'binary_accuracy', 'rmsprop', 'tanh', 'softmax',0.991333502034,0.9555
'categorical_hinge', 'binary_accuracy', 'adamax', 'tanh', 'softmax',0.989916828771,0.9529
'categorical_hinge', 'categorical_accuracy', 'rmsprop', 'tanh', 'softmax',0.96091671288,0.9618
'categorical_hinge', 'categorical_accuracy', 'adamax', 'tanh', 'softmax',0.948083380858,0.9483
'poisson', 'binary_accuracy', 'rmsprop', 'tanh', 'softmax',0.993541844189,0.9663
'poisson', 'binary_accuracy', 'adamax', 'tanh', 'softmax',0.991875189046,0.9575
'poisson', 'categorical_accuracy', 'rmsprop', 'tanh', 'softmax',0.968250033756,0.9702
'poisson', 'categorical_accuracy', 'adamax', 'tanh', 'softmax',0.958583364884,0.9556
'categorical_crossentropy', 'binary_accuracy', 'rmsprop', 'tanh', 'softmax',0.99334183087,0.9657
'categorical_crossentropy', 'binary_accuracy', 'adamax', 'tanh', 'softmax',0.991950171689,0.9545
'categorical_crossentropy', 'categorical_accuracy', 'rmsprop', 'tanh', 'softmax',0.967416716119,0.9712
'categorical_crossentropy', 'categorical_accuracy', 'adamax', 'tanh', 'softmax',0.958083363871,0.9598
'categorical_hinge', 'binary_accuracy', 'rmsprop', 'tanh', 'softmax',0.9913585186,0.9585
'categorical_hinge', 'binary_accuracy', 'adamax', 'tanh', 'softmax',0.976958485941,0.8716
'categorical_hinge', 'categorical_accuracy', 'rmsprop', 'tanh', 'softmax',0.957083376745,0.9609
'categorical_hinge', 'categorical_accuracy', 'adamax', 'tanh', 'softmax',0.869583370785,0.871
'poisson', 'binary_accuracy', 'rmsprop', 'tanh', 'softmax',0.993350178003,0.9677
'poisson', 'binary_accuracy', 'adamax', 'tanh', 'softmax',0.991825150947,0.9569
'poisson', 'categorical_accuracy', 'rmsprop', 'tanh', 'softmax',0.966833377878,0.9661
'poisson', 'categorical_accuracy', 'adamax', 'tanh', 'softmax',0.959000043571,0.9543
'categorical_crossentropy', 'binary_accuracy', 'rmsprop', 'tanh', 'softmax',0.993066824973,0.9651
'categorical_crossentropy', 'binary_accuracy', 'adamax', 'tanh', 'softmax',0.99188350141,0.9573
'categorical_crossentropy', 'categorical_accuracy', 'rmsprop', 'tanh', 'softmax',0.968750039736,0.9697
'categorical_crossentropy', 'categorical_accuracy', 'adamax', 'tanh', 'softmax',0.958916711311,0.9542
'poisson', 'categorical_accuracy', 'rmsprop', 'tanh', 'softmax',0.963250038524,0.9667
'poisson', 'categorical_accuracy', 'adamax', 'tanh', 'softmax',0.958416712781,0.949
'categorical_crossentropy', 'binary_accuracy', 'rmsprop', 'tanh', 'softmax',0.993825167418,0.9684
'categorical_crossentropy', 'binary_accuracy', 'adamax', 'tanh', 'softmax',0.9920335114,0.9596
'categorical_crossentropy', 'categorical_accuracy', 'rmsprop', 'tanh', 'softmax',0.967166699469,0.9696
'categorical_crossentropy', 'categorical_accuracy', 'adamax', 'tanh', 'softmax',0.958916711311,0.9553
'categorical_hinge', 'binary_accuracy', 'rmsprop', 'tanh', 'softmax',0.991916832825,0.9592
'categorical_hinge', 'binary_accuracy', 'adamax', 'tanh', 'softmax',0.97626683861,0.8716
'categorical_hinge', 'categorical_accuracy', 'rmsprop', 'tanh', 'softmax',0.958666697145,0.9618
'categorical_hinge', 'categorical_accuracy', 'adamax', 'tanh', 'softmax',0.861666671932,0.8556
'poisson', 'binary_accuracy', 'rmsprop', 'tanh', 'softmax',0.993550164004,0.9675
'poisson', 'binary_accuracy', 'adamax', 'tanh', 'softmax',0.992066845298,0.9568
'poisson', 'categorical_accuracy', 'rmsprop', 'tanh', 'softmax',0.964500042299,0.97
'poisson', 'categorical_accuracy', 'adamax', 'tanh', 'softmax',0.957666712503,0.9528
'categorical_crossentropy', 'binary_accuracy', 'rmsprop', 'tanh', 'softmax',0.993741845091,0.9696
'categorical_crossentropy', 'binary_accuracy', 'adamax', 'tanh', 'softmax',0.99202516675,0.9571
'categorical_crossentropy', 'categorical_accuracy', 'rmsprop', 'tanh', 'softmax',0.967416708668,0.9692
'categorical_crossentropy', 'categorical_accuracy', 'adamax', 'tanh', 'softmax',0.959666716556,0.9576
'categorical_hinge', 'binary_accuracy', 'rmsprop', 'tanh', 'softmax',0.991925157607,0.9611
'categorical_hinge', 'binary_accuracy', 'adamax', 'tanh', 'softmax',0.990000168482,0.9501
'categorical_hinge', 'categorical_accuracy', 'rmsprop', 'tanh', 'softmax',0.958333368103,0.9613
'categorical_hinge', 'categorical_accuracy', 'adamax', 'tanh', 'softmax',0.857833355665,0.8578
'poisson', 'binary_accuracy', 'rmsprop', 'tanh', 'softmax',0.99335017552,0.9724
'poisson', 'binary_accuracy', 'adamax', 'tanh', 'softmax',0.991883516312,0.9558
'poisson', 'categorical_accuracy', 'rmsprop', 'tanh', 'softmax',0.967000039915,0.9656
'poisson', 'categorical_accuracy', 'adamax', 'tanh', 'softmax',0.956583363314,0.9599
'categorical_crossentropy', 'binary_accuracy', 'rmsprop', 'tanh', 'softmax',0.99366684258,0.97
'categorical_crossentropy', 'binary_accuracy', 'adamax', 'tanh', 'softmax',0.992158519725,0.9589
'categorical_crossentropy', 'categorical_accuracy', 'rmsprop', 'tanh', 'softmax',0.969500037531,0.9705
'categorical_crossentropy', 'categorical_accuracy', 'adamax', 'tanh', 'softmax',0.958500020206,0.9559
'categorical_hinge', 'binary_accuracy', 'rmsprop', 'tanh', 'softmax',0.992100179195,0.96
'categorical_hinge', 'binary_accuracy', 'adamax', 'tanh', 'softmax',0.990066821376,0.9472
'categorical_hinge', 'categorical_accuracy', 'rmsprop', 'tanh', 'softmax',0.959000038604,0.9587
'categorical_hinge', 'categorical_accuracy', 'adamax', 'tanh', 'softmax',0.946500043074,0.9494
'poisson', 'binary_accuracy', 'rmsprop', 'tanh', 'softmax',0.992616832256,0.9649
'poisson', 'binary_accuracy', 'adamax', 'tanh', 'softmax',0.992058480779,0.9568
'poisson', 'categorical_accuracy', 'rmsprop', 'tanh', 'softmax',0.964333375295,0.9657
'poisson', 'categorical_accuracy', 'adamax', 'tanh', 'softmax',0.957083359361,0.9596
'categorical_crossentropy', 'binary_accuracy', 'rmsprop', 'tanh', 'softmax',0.994050187369,0.97
'categorical_crossentropy', 'binary_accuracy', 'adamax', 'tanh', 'softmax',0.991808508833,0.9568
'categorical_crossentropy', 'categorical_accuracy', 'rmsprop', 'tanh', 'softmax',0.964750051498,0.966
'categorical_crossentropy', 'categorical_accuracy', 'adamax', 'tanh', 'softmax',0.958833381534,0.9574
'categorical_hinge', 'binary_accuracy', 'rmsprop', 'tanh', 'softmax',0.991208486259,0.9564
'categorical_hinge', 'binary_accuracy', 'adamax', 'tanh', 'softmax',0.978041832646,0.8585
'categorical_hinge', 'categorical_accuracy', 'rmsprop', 'tanh', 'softmax',0.863083355129,0.8657
'categorical_hinge', 'categorical_accuracy', 'adamax', 'tanh', 'softmax',0.946583370368,0.9468
'poisson', 'binary_accuracy', 'rmsprop', 'tanh', 'softmax',0.993600162367,0.9648
'poisson', 'binary_accuracy', 'adamax', 'tanh', 'softmax',0.99189183116,0.9543
'poisson', 'categorical_accuracy', 'rmsprop', 'tanh', 'softmax',0.967166704436,0.9707
'poisson', 'categorical_accuracy', 'adamax', 'tanh', 'softmax',0.957583370308,0.9555
'categorical_crossentropy', 'binary_accuracy', 'rmsprop', 'tanh', 'softmax',0.993933508794,0.9716
'categorical_crossentropy', 'binary_accuracy', 'adamax', 'tanh', 'softmax',0.992108496527,0.9595
'categorical_crossentropy', 'categorical_accuracy', 'rmsprop', 'tanh', 'softmax',0.964750026663,0.9703
'categorical_crossentropy', 'categorical_accuracy', 'adamax', 'tanh', 'softmax',0.956500026087,0.9559
'categorical_hinge', 'binary_accuracy', 'rmsprop', 'tanh', 'softmax',0.991783499718,0.958
'categorical_hinge', 'binary_accuracy', 'adamax', 'tanh', 'softmax',0.989841841161,0.9474
'categorical_hinge', 'categorical_accuracy', 'rmsprop', 'tanh', 'softmax',0.958583379785,0.962
'categorical_hinge', 'categorical_accuracy', 'adamax', 'tanh', 'softmax',0.859333338837,0.8609
'poisson', 'binary_accuracy', 'rmsprop', 'tanh', 'softmax',0.99342516313,0.9718
'poisson', 'binary_accuracy', 'adamax', 'tanh', 'softmax',0.991875159244,0.9561
'poisson', 'categorical_accuracy', 'rmsprop', 'tanh', 'softmax',0.967416693767,0.9675
'poisson', 'categorical_accuracy', 'adamax', 'tanh', 'softmax',0.959333367646,0.9579
'categorical_crossentropy', 'binary_accuracy', 'rmsprop', 'tanh', 'softmax',0.993483501176,0.9664
'categorical_crossentropy', 'binary_accuracy', 'adamax', 'tanh', 'softmax',0.992050158481,0.9606
'categorical_crossentropy', 'categorical_accuracy', 'rmsprop', 'tanh', 'softmax',0.969916713734,0.9727
'categorical_crossentropy', 'categorical_accuracy', 'adamax', 'tanh', 'softmax',0.95958335946,0.9611
'categorical_hinge', 'binary_accuracy', 'rmsprop', 'tanh', 'softmax',0.991641829411,0.9545
'categorical_hinge', 'binary_accuracy', 'adamax', 'tanh', 'softmax',0.978233508766,0.8584
'categorical_hinge', 'categorical_accuracy', 'rmsprop', 'tanh', 'softmax',0.958083373805,0.9616
'categorical_hinge', 'categorical_accuracy', 'adamax', 'tanh', 'softmax',0.854583367705,0.8572
'poisson', 'binary_accuracy', 'rmsprop', 'tanh', 'softmax',0.993741837641,0.9696
'poisson', 'binary_accuracy', 'adamax', 'tanh', 'softmax',0.992416846255,0.9571
'poisson', 'categorical_accuracy', 'rmsprop', 'tanh', 'softmax',0.964250028133,0.9694
'poisson', 'categorical_accuracy', 'adamax', 'tanh', 'softmax',0.960083380342,0.9569
'categorical_crossentropy', 'binary_accuracy', 'rmsprop', 'tanh', 'softmax',0.993850164115,0.9688
'categorical_crossentropy', 'binary_accuracy', 'adamax', 'tanh', 'softmax',0.992183513939,0.954
'categorical_crossentropy', 'categorical_accuracy', 'rmsprop', 'tanh', 'softmax',0.967333378891,0.9671
'categorical_crossentropy', 'categorical_accuracy', 'adamax', 'tanh', 'softmax',0.957666710019,0.9504
'categorical_hinge', 'binary_accuracy', 'rmsprop', 'tanh', 'softmax',0.991875161727,0.9617
'categorical_hinge', 'binary_accuracy', 'adamax', 'tanh', 'softmax',0.978625168403,0.8656
'categorical_hinge', 'categorical_accuracy', 'rmsprop', 'tanh', 'softmax',0.867916683356,0.8743
'categorical_hinge', 'categorical_accuracy', 'adamax', 'tanh', 'softmax',0.859916677078,0.856
'poisson', 'binary_accuracy', 'rmsprop', 'tanh', 'softmax',0.993341840804,0.9683
'poisson', 'binary_accuracy', 'adamax', 'tanh', 'softmax',0.992241847018,0.9567
'poisson', 'categorical_accuracy', 'rmsprop', 'tanh', 'softmax',0.968750034769,0.9697
'poisson', 'categorical_accuracy', 'adamax', 'tanh', 'softmax',0.95950003465,0.9541
'categorical_crossentropy', 'binary_accuracy', 'rmsprop', 'tanh', 'softmax',0.993500163158,0.9674
'categorical_crossentropy', 'binary_accuracy', 'adamax', 'tanh', 'softmax',0.99221684287,0.9547
'categorical_crossentropy', 'categorical_accuracy', 'rmsprop', 'tanh', 'softmax',0.966916712622,0.9662
'categorical_crossentropy', 'categorical_accuracy', 'adamax', 'tanh', 'softmax',0.959000023703,0.9567
'categorical_hinge', 'binary_accuracy', 'rmsprop', 'tanh', 'softmax',0.991650164127,0.9591
'categorical_hinge', 'binary_accuracy', 'adamax', 'tanh', 'softmax',0.976941838861,0.8528
'categorical_hinge', 'categorical_accuracy', 'rmsprop', 'tanh', 'softmax',0.954250050088,0.9626
'categorical_hinge', 'categorical_accuracy', 'adamax', 'tanh', 'softmax',0.951583378017,0.9524
'poisson', 'binary_accuracy', 'rmsprop', 'tanh', 'softmax',0.993891822795,0.9714
'poisson', 'binary_accuracy', 'adamax', 'tanh', 'softmax',0.992241834601,0.954
'poisson', 'categorical_accuracy', 'rmsprop', 'tanh', 'softmax',0.967250034213,0.9672
'poisson', 'categorical_accuracy', 'adamax', 'tanh', 'softmax',0.960166692734,0.9614
'categorical_crossentropy', 'binary_accuracy', 'rmsprop', 'tanh', 'softmax',0.993200158079,0.9648
'categorical_crossentropy', 'binary_accuracy', 'adamax', 'tanh', 'softmax',0.991908517977,0.9568
'categorical_crossentropy', 'categorical_accuracy', 'rmsprop', 'tanh', 'softmax',0.965666698913,0.9676
'categorical_crossentropy', 'categorical_accuracy', 'adamax', 'tanh', 'softmax',0.958833364149,0.956
'categorical_hinge', 'binary_accuracy', 'rmsprop', 'tanh', 'softmax',0.991050166388,0.9579
'categorical_hinge', 'binary_accuracy', 'adamax', 'tanh', 'softmax',0.990316833059,0.9533
'categorical_hinge', 'categorical_accuracy', 'rmsprop', 'tanh', 'softmax',0.956833360096,0.961
'categorical_hinge', 'categorical_accuracy', 'adamax', 'tanh', 'softmax',0.870083346963,0.8698
'poisson', 'binary_accuracy', 'rmsprop', 'tanh', 'softmax',0.993733497957,0.9696
'poisson', 'binary_accuracy', 'adamax', 'tanh', 'softmax',0.991741831104,0.9529
'poisson', 'categorical_accuracy', 'rmsprop', 'tanh', 'softmax',0.964666701853,0.9721
'poisson', 'categorical_accuracy', 'adamax', 'tanh', 'softmax',0.959416692456,0.9577
'categorical_crossentropy', 'binary_accuracy', 'rmsprop', 'tanh', 'softmax',0.993500163158,0.9691
'categorical_crossentropy', 'binary_accuracy', 'adamax', 'tanh', 'softmax',0.99161683768,0.9587
'categorical_crossentropy', 'categorical_accuracy', 'rmsprop', 'tanh', 'softmax',0.969083376229,0.9672
'categorical_crossentropy', 'categorical_accuracy', 'adamax', 'tanh', 'softmax',0.959833373626,0.9604
'categorical_hinge', 'binary_accuracy', 'rmsprop', 'tanh', 'softmax',0.99140016983,0.9566
'categorical_hinge', 'binary_accuracy', 'adamax', 'tanh', 'softmax',0.989850165943,0.9504
'categorical_hinge', 'categorical_accuracy', 'rmsprop', 'tanh', 'softmax',0.960583376388,0.9607
'categorical_hinge', 'categorical_accuracy', 'adamax', 'tanh', 'softmax',0.868416689336,0.8701
'poisson', 'binary_accuracy', 'rmsprop', 'tanh', 'softmax',0.992950176199,0.9641
'poisson', 'binary_accuracy', 'adamax', 'tanh', 'softmax',0.991600175699,0.954
'poisson', 'categorical_accuracy', 'rmsprop', 'tanh', 'softmax',0.965333367387,0.9685
'poisson', 'categorical_accuracy', 'adamax', 'tanh', 'softmax',0.960666703681,0.9556
'categorical_crossentropy', 'binary_accuracy', 'rmsprop', 'tanh', 'softmax',0.992816845576,0.966
'categorical_crossentropy', 'binary_accuracy', 'adamax', 'tanh', 'softmax',0.991700182358,0.9567
'categorical_crossentropy', 'categorical_accuracy', 'rmsprop', 'tanh', 'softmax',0.963750032087,0.9652
'categorical_crossentropy', 'categorical_accuracy', 'adamax', 'tanh', 'softmax',0.960083377858,0.955
'categorical_hinge', 'binary_accuracy', 'rmsprop', 'tanh', 'softmax',0.991866839429,0.9625
'categorical_hinge', 'binary_accuracy', 'adamax', 'tanh', 'softmax',0.977766821782,0.8718
'categorical_hinge', 'categorical_accuracy', 'rmsprop', 'tanh', 'softmax',0.957000037034,0.9602
'categorical_hinge', 'categorical_accuracy', 'adamax', 'tanh', 'softmax',0.860000021756,0.8627
'poisson', 'binary_accuracy', 'rmsprop', 'tanh', 'softmax',0.993475159009,0.9682
'poisson', 'binary_accuracy', 'adamax', 'tanh', 'softmax',0.991466840108,0.9491
'poisson', 'categorical_accuracy', 'rmsprop', 'tanh', 'softmax',0.967083374659,0.9676
'poisson', 'categorical_accuracy', 'adamax', 'tanh', 'softmax',0.958000036577,0.9578
'categorical_crossentropy', 'binary_accuracy', 'rmsprop', 'tanh', 'softmax',0.992941834033,0.9661
'categorical_crossentropy', 'binary_accuracy', 'adamax', 'tanh', 'softmax',0.991916835308,0.9567
'categorical_crossentropy', 'categorical_accuracy', 'rmsprop', 'tanh', 'softmax',0.96758338064,0.965
'categorical_crossentropy', 'categorical_accuracy', 'adamax', 'tanh', 'softmax',0.959083363414,0.9508
'categorical_hinge', 'binary_accuracy', 'rmsprop', 'tanh', 'softmax',0.991475169857,0.9573
'categorical_hinge', 'binary_accuracy', 'adamax', 'tanh', 'softmax',0.990175160269,0.948
'categorical_hinge', 'categorical_accuracy', 'rmsprop', 'tanh', 'softmax',0.959000026186,0.9597
'categorical_hinge', 'categorical_accuracy', 'adamax', 'tanh', 'softmax',0.950916709999,0.9506
'poisson', 'binary_accuracy', 'rmsprop', 'tanh', 'softmax',0.993575145801,0.9721
'poisson', 'binary_accuracy', 'adamax', 'tanh', 'softmax',0.991741841038,0.958
'poisson', 'categorical_accuracy', 'rmsprop', 'tanh', 'softmax',0.96716670692,0.9684
'poisson', 'categorical_accuracy', 'adamax', 'tanh', 'softmax',0.956583373249,0.9544
'categorical_crossentropy', 'binary_accuracy', 'rmsprop', 'tanh', 'softmax',0.993666825195,0.9694
'categorical_crossentropy', 'binary_accuracy', 'adamax', 'tanh', 'softmax',0.99206682543,0.9569
'categorical_crossentropy', 'categorical_accuracy', 'rmsprop', 'tanh', 'softmax',0.964500032365,0.9694
'categorical_crossentropy', 'categorical_accuracy', 'adamax', 'tanh', 'softmax',0.959166715542,0.9577
'categorical_hinge', 'binary_accuracy', 'rmsprop', 'tanh', 'softmax',0.992500168582,0.9636
'categorical_hinge', 'binary_accuracy', 'adamax', 'tanh', 'softmax',0.979383481046,0.8624
'categorical_hinge', 'categorical_accuracy', 'rmsprop', 'tanh', 'softmax',0.958250035842,0.9603
'categorical_hinge', 'categorical_accuracy', 'adamax', 'tanh', 'softmax',0.948333365222,0.949
'poisson', 'binary_accuracy', 'rmsprop', 'tanh', 'softmax',0.993575165669,0.9688
'poisson', 'binary_accuracy', 'adamax', 'tanh', 'softmax',0.99184183528,0.9569
'poisson', 'categorical_accuracy', 'rmsprop', 'tanh', 'softmax',0.962083376944,0.9686
'poisson', 'categorical_accuracy', 'adamax', 'tanh', 'softmax',0.958416717748,0.9545
'categorical_crossentropy', 'binary_accuracy', 'rmsprop', 'tanh', 'softmax',0.993183488647,0.9672
'categorical_crossentropy', 'binary_accuracy', 'adamax', 'tanh', 'softmax',0.991983510554,0.9578
'categorical_crossentropy', 'categorical_accuracy', 'rmsprop', 'tanh', 'softmax',0.964666686952,0.9669
'categorical_crossentropy', 'categorical_accuracy', 'adamax', 'tanh', 'softmax',0.958333383004,0.9539
'categorical_hinge', 'binary_accuracy', 'rmsprop', 'tanh', 'softmax',0.991866817077,0.96
'categorical_hinge', 'binary_accuracy', 'adamax', 'tanh', 'softmax',0.977200167874,0.8709
'categorical_hinge', 'categorical_accuracy', 'rmsprop', 'tanh', 'softmax',0.955000025531,0.9577
'categorical_hinge', 'categorical_accuracy', 'adamax', 'tanh', 'softmax',0.867916705708,0.8694
'poisson', 'binary_accuracy', 'rmsprop', 'tanh', 'softmax',0.993208500246,0.9683
'poisson', 'binary_accuracy', 'adamax', 'tanh', 'softmax',0.991875166694,0.9541
'poisson', 'categorical_accuracy', 'rmsprop', 'tanh', 'softmax',0.967250036697,0.966
'poisson', 'categorical_accuracy', 'adamax', 'tanh', 'softmax',0.957833369573,0.9567
'categorical_crossentropy', 'binary_accuracy', 'rmsprop', 'tanh', 'softmax',0.993391844134,0.9683
'categorical_crossentropy', 'binary_accuracy', 'adamax', 'tanh', 'softmax',0.992016834517,0.9545
'categorical_crossentropy', 'categorical_accuracy', 'rmsprop', 'tanh', 'softmax',0.964583379527,0.9671
'categorical_crossentropy', 'categorical_accuracy', 'adamax', 'tanh', 'softmax',0.958666697145,0.9528
'categorical_hinge', 'binary_accuracy', 'rmsprop', 'tanh', 'softmax',0.991983503103,0.9598
'categorical_hinge', 'binary_accuracy', 'adamax', 'tanh', 'softmax',0.976791826387,0.8719
'categorical_hinge', 'categorical_accuracy', 'rmsprop', 'tanh', 'softmax',0.95733337601,0.9557
'categorical_hinge', 'categorical_accuracy', 'adamax', 'tanh', 'softmax',0.859250014027,0.8525
'poisson', 'binary_accuracy', 'rmsprop', 'tanh', 'softmax',0.993450162311,0.9632
'poisson', 'binary_accuracy', 'adamax', 'tanh', 'softmax',0.992316829662,0.9574
'poisson', 'categorical_accuracy', 'rmsprop', 'tanh', 'softmax',0.968166716397,0.9697
'poisson', 'categorical_accuracy', 'adamax', 'tanh', 'softmax',0.958666697145,0.9567
'categorical_crossentropy', 'binary_accuracy', 'rmsprop', 'tanh', 'softmax',0.992591843009,0.9643
'categorical_crossentropy', 'binary_accuracy', 'adamax', 'tanh', 'softmax',0.99184183528,0.9521
'categorical_crossentropy', 'categorical_accuracy', 'rmsprop', 'tanh', 'softmax',0.96775003771,0.9673
'categorical_crossentropy', 'categorical_accuracy', 'adamax', 'tanh', 'softmax',0.959833361208,0.9558
'categorical_hinge', 'categorical_accuracy', 'adamax', 'tanh', 'softmax',0.857333359619,0.8559
'poisson', 'binary_accuracy', 'rmsprop', 'tanh', 'softmax',0.992633506656,0.9667
'poisson', 'binary_accuracy', 'adamax', 'tanh', 'softmax',0.99162517488,0.9599
'poisson', 'categorical_accuracy', 'rmsprop', 'tanh', 'softmax',0.964250030617,0.9677
'poisson', 'categorical_accuracy', 'adamax', 'tanh', 'softmax',0.959333372613,0.9588
'categorical_crossentropy', 'binary_accuracy', 'rmsprop', 'tanh', 'softmax',0.993666835129,0.9699
'categorical_crossentropy', 'binary_accuracy', 'adamax', 'tanh', 'softmax',0.991950166722,0.9561
'categorical_crossentropy', 'categorical_accuracy', 'rmsprop', 'tanh', 'softmax',0.961250027021,0.9639
'categorical_crossentropy', 'categorical_accuracy', 'adamax', 'tanh', 'softmax',0.956333378951,0.9585
'categorical_hinge', 'binary_accuracy', 'rmsprop', 'tanh', 'softmax',0.99208351473,0.9575
'categorical_hinge', 'binary_accuracy', 'adamax', 'tanh', 'softmax',0.97893349578,0.8571
'categorical_hinge', 'categorical_accuracy', 'rmsprop', 'tanh', 'softmax',0.957500045498,0.9639
'categorical_hinge', 'categorical_accuracy', 'adamax', 'tanh', 'softmax',0.944166714946,0.9457
'poisson', 'binary_accuracy', 'rmsprop', 'tanh', 'softmax',0.993608504534,0.9645
'poisson', 'binary_accuracy', 'adamax', 'tanh', 'softmax',0.992141835392,0.958
'poisson', 'categorical_accuracy', 'rmsprop', 'tanh', 'softmax',0.965750033657,0.9721
'poisson', 'categorical_accuracy', 'adamax', 'tanh', 'softmax',0.959250040352,0.9548
'categorical_crossentropy', 'binary_accuracy', 'rmsprop', 'tanh', 'softmax',0.992875176171,0.9664
'categorical_crossentropy', 'binary_accuracy', 'adamax', 'tanh', 'softmax',0.992000167569,0.9592
'categorical_crossentropy', 'categorical_accuracy', 'rmsprop', 'tanh', 'softmax',0.967416706185,0.9697
'categorical_crossentropy', 'categorical_accuracy', 'adamax', 'tanh', 'softmax',0.958083361387,0.956
'categorical_hinge', 'binary_accuracy', 'rmsprop', 'tanh', 'softmax',0.99190017581,0.9629
'categorical_hinge', 'binary_accuracy', 'adamax', 'tanh', 'softmax',0.978966834644,0.862
'categorical_hinge', 'categorical_accuracy', 'rmsprop', 'tanh', 'softmax',0.870583355427,0.8732
'categorical_hinge', 'categorical_accuracy', 'adamax', 'tanh', 'softmax',0.950250046949,0.9494
'poisson', 'binary_accuracy', 'rmsprop', 'tanh', 'softmax',0.993108518422,0.9661
'poisson', 'binary_accuracy', 'adamax', 'tanh', 'softmax',0.992266826332,0.9591
'poisson', 'categorical_accuracy', 'rmsprop', 'tanh', 'softmax',0.963416698078,0.9675
'poisson', 'categorical_accuracy', 'adamax', 'tanh', 'softmax',0.958500040074,0.9561
'categorical_crossentropy', 'binary_accuracy', 'rmsprop', 'tanh', 'softmax',0.993600169818,0.9679
'categorical_crossentropy', 'binary_accuracy', 'adamax', 'tanh', 'softmax',0.991808518767,0.956
'categorical_crossentropy', 'categorical_accuracy', 'rmsprop', 'tanh', 'softmax',0.965333374838,0.9692
'categorical_crossentropy', 'categorical_accuracy', 'adamax', 'tanh', 'softmax',0.959583364427,0.9554
'categorical_hinge', 'binary_accuracy', 'rmsprop', 'tanh', 'softmax',0.991916817923,0.9627
'categorical_hinge', 'binary_accuracy', 'adamax', 'tanh', 'softmax',0.978950175146,0.8584
'categorical_hinge', 'categorical_accuracy', 'rmsprop', 'tanh', 'softmax',0.957333366076,0.9573
'categorical_hinge', 'categorical_accuracy', 'adamax', 'tanh', 'softmax',0.857833365599,0.8553
'poisson', 'binary_accuracy', 'rmsprop', 'tanh', 'softmax',0.993316831688,0.9657
'poisson', 'binary_accuracy', 'adamax', 'tanh', 'softmax',0.991933502257,0.9522
'poisson', 'categorical_accuracy', 'rmsprop', 'tanh', 'softmax',0.968333370984,0.9728
'poisson', 'categorical_accuracy', 'adamax', 'tanh', 'softmax',0.960666696231,0.9597
'categorical_crossentropy', 'binary_accuracy', 'rmsprop', 'tanh', 'softmax',0.993766834339,0.9676
'categorical_crossentropy', 'binary_accuracy', 'adamax', 'tanh', 'softmax',0.99208351473,0.9547
'categorical_crossentropy', 'categorical_accuracy', 'rmsprop', 'tanh', 'softmax',0.965250037611,0.9677
'categorical_crossentropy', 'categorical_accuracy', 'adamax', 'tanh', 'softmax',0.959083380798,0.9535
'categorical_hinge', 'binary_accuracy', 'rmsprop', 'tanh', 'softmax',0.99147516489,0.9571
'categorical_hinge', 'binary_accuracy', 'adamax', 'tanh', 'softmax',0.990525173644,0.9518
'categorical_hinge', 'categorical_accuracy', 'rmsprop', 'tanh', 'softmax',0.954666718841,0.9543
'categorical_hinge', 'categorical_accuracy', 'adamax', 'tanh', 'softmax',0.950416706502,0.9502
'poisson', 'binary_accuracy', 'rmsprop', 'tanh', 'softmax',0.993491833409,0.9627
'poisson', 'binary_accuracy', 'adamax', 'tanh', 'softmax',0.99197516342,0.9519
'poisson', 'categorical_accuracy', 'rmsprop', 'tanh', 'softmax',0.96675004065,0.9731
'poisson', 'categorical_accuracy', 'adamax', 'tanh', 'softmax',0.958333370586,0.9592
'categorical_crossentropy', 'binary_accuracy', 'rmsprop', 'tanh', 'softmax',0.99355849872,0.9614
'categorical_crossentropy', 'binary_accuracy', 'adamax', 'tanh', 'softmax',0.991900170843,0.9574
'categorical_crossentropy', 'categorical_accuracy', 'rmsprop', 'tanh', 'softmax',0.965416692197,0.9654
'categorical_crossentropy', 'categorical_accuracy', 'adamax', 'tanh', 'softmax',0.957500043015,0.9549
'categorical_hinge', 'binary_accuracy', 'rmsprop', 'tanh', 'softmax',0.991850179931,0.9617
'categorical_hinge', 'binary_accuracy', 'adamax', 'tanh', 'softmax',0.979466845592,0.8637
'categorical_hinge', 'categorical_accuracy', 'rmsprop', 'tanh', 'softmax',0.957500028114,0.9613
'categorical_hinge', 'categorical_accuracy', 'adamax', 'tanh', 'softmax',0.868500031531,0.8736
'poisson', 'binary_accuracy', 'rmsprop', 'tanh', 'softmax',0.992958488564,0.9711
'poisson', 'binary_accuracy', 'adamax', 'tanh', 'softmax',0.991958501438,0.9588
'poisson', 'categorical_accuracy', 'rmsprop', 'tanh', 'softmax',0.969166703522,0.9694
'poisson', 'categorical_accuracy', 'adamax', 'tanh', 'softmax',0.961583375931,0.959
'categorical_crossentropy', 'binary_accuracy', 'rmsprop', 'tanh', 'softmax',0.993816832701,0.9676
'categorical_crossentropy', 'binary_accuracy', 'adamax', 'tanh', 'softmax',0.991625177364,0.9584
'categorical_crossentropy', 'categorical_accuracy', 'rmsprop', 'tanh', 'softmax',0.965750033657,0.9685
'categorical_crossentropy', 'categorical_accuracy', 'adamax', 'tanh', 'softmax',0.961000060042,0.9566
'categorical_hinge', 'binary_accuracy', 'rmsprop', 'tanh', 'softmax',0.991833508015,0.9614
'categorical_hinge', 'binary_accuracy', 'adamax', 'tanh', 'softmax',0.989608508845,0.9499
'categorical_hinge', 'categorical_accuracy', 'rmsprop', 'tanh', 'softmax',0.962083381911,0.9607
'categorical_hinge', 'categorical_accuracy', 'adamax', 'tanh', 'softmax',0.85950003316,0.8588
'poisson', 'binary_accuracy', 'rmsprop', 'tanh', 'softmax',0.993350155652,0.9688
'poisson', 'binary_accuracy', 'adamax', 'tanh', 'softmax',0.992033508917,0.9618
'poisson', 'categorical_accuracy', 'rmsprop', 'tanh', 'softmax',0.965333367387,0.9629
'poisson', 'categorical_accuracy', 'adamax', 'tanh', 'softmax',0.960583378871,0.9587
'categorical_crossentropy', 'binary_accuracy', 'rmsprop', 'tanh', 'softmax',0.993525159856,0.9702
'categorical_crossentropy', 'binary_accuracy', 'adamax', 'tanh', 'softmax',0.992225160201,0.9572
'categorical_crossentropy', 'categorical_accuracy', 'rmsprop', 'tanh', 'softmax',0.966833390296,0.9602
'categorical_crossentropy', 'categorical_accuracy', 'adamax', 'tanh', 'softmax',0.959083370864,0.9586
'categorical_hinge', 'binary_accuracy', 'rmsprop', 'tanh', 'softmax',0.991675173243,0.9596
'categorical_hinge', 'binary_accuracy', 'adamax', 'tanh', 'softmax',0.990258529782,0.9536
'categorical_hinge', 'categorical_accuracy', 'rmsprop', 'tanh', 'softmax',0.95575004071,0.9623
'categorical_hinge', 'categorical_accuracy', 'adamax', 'tanh', 'softmax',0.943750036259,0.9449
'poisson', 'binary_accuracy', 'rmsprop', 'tanh', 'softmax',0.993175158898,0.9625
'poisson', 'binary_accuracy', 'adamax', 'tanh', 'softmax',0.992200178405,0.9561
'poisson', 'categorical_accuracy', 'rmsprop', 'tanh', 'softmax',0.965333372355,0.9638
'poisson', 'categorical_accuracy', 'adamax', 'tanh', 'softmax',0.959333362679,0.9532
'categorical_crossentropy', 'binary_accuracy', 'rmsprop', 'tanh', 'softmax',0.994041830301,0.9741
'categorical_crossentropy', 'binary_accuracy', 'adamax', 'tanh', 'softmax',0.991800159216,0.954
'categorical_crossentropy', 'categorical_accuracy', 'rmsprop', 'tanh', 'softmax',0.965666708847,0.9658
'categorical_crossentropy', 'categorical_accuracy', 'adamax', 'tanh', 'softmax',0.956666707993,0.9576
'categorical_hinge', 'binary_accuracy', 'adamax', 'sigmoid', 'softmax',0.972983494401,0.8515
'categorical_hinge', 'categorical_accuracy', 'rmsprop', 'sigmoid', 'softmax',0.940916697184,0.9458
'categorical_hinge', 'categorical_accuracy', 'adamax', 'sigmoid', 'softmax',0.837166681886,0.8277
'poisson', 'binary_accuracy', 'rmsprop', 'sigmoid', 'softmax',0.991333499551,0.9562
'poisson', 'binary_accuracy', 'adamax', 'sigmoid', 'softmax',0.987833504876,0.9366
'poisson', 'categorical_accuracy', 'rmsprop', 'sigmoid', 'softmax',0.956916709741,0.9597
'poisson', 'categorical_accuracy', 'adamax', 'sigmoid', 'softmax',0.932916710774,0.9265
'categorical_crossentropy', 'binary_accuracy', 'rmsprop', 'sigmoid', 'softmax',0.991208491226,0.9568
'categorical_crossentropy', 'binary_accuracy', 'adamax', 'sigmoid', 'softmax',0.987525152663,0.929
'categorical_crossentropy', 'categorical_accuracy', 'rmsprop', 'sigmoid', 'softmax',0.954000038405,0.9585
'categorical_crossentropy', 'categorical_accuracy', 'adamax', 'sigmoid', 'softmax',0.933916707834,0.9283
'categorical_hinge', 'binary_accuracy', 'rmsprop', 'sigmoid', 'softmax',0.988400176167,0.9435
'categorical_hinge', 'binary_accuracy', 'adamax', 'sigmoid', 'softmax',0.984708497922,0.9197
'categorical_hinge', 'categorical_accuracy', 'rmsprop', 'sigmoid', 'softmax',0.942083371182,0.9414
'categorical_hinge', 'categorical_accuracy', 'adamax', 'sigmoid', 'softmax',0.840083363156,0.8437
'poisson', 'binary_accuracy', 'rmsprop', 'sigmoid', 'softmax',0.991233502825,0.9574
'poisson', 'binary_accuracy', 'adamax', 'sigmoid', 'softmax',0.987275165816,0.9236
'poisson', 'categorical_accuracy', 'rmsprop', 'sigmoid', 'softmax',0.955666703482,0.9571
'poisson', 'categorical_accuracy', 'adamax', 'sigmoid', 'softmax',0.933916710317,0.924
'categorical_crossentropy', 'binary_accuracy', 'rmsprop', 'sigmoid', 'softmax',0.991233505309,0.9553
'categorical_crossentropy', 'binary_accuracy', 'adamax', 'sigmoid', 'softmax',0.986975163221,0.929
'categorical_crossentropy', 'categorical_accuracy', 'rmsprop', 'sigmoid', 'softmax',0.955083370209,0.958
'categorical_crossentropy', 'categorical_accuracy', 'adamax', 'sigmoid', 'softmax',0.936500052611,0.937
'categorical_hinge', 'binary_accuracy', 'rmsprop', 'sigmoid', 'softmax',0.988650175432,0.9416
'categorical_hinge', 'binary_accuracy', 'adamax', 'sigmoid', 'softmax',0.973258502781,0.8407
'categorical_hinge', 'categorical_accuracy', 'rmsprop', 'sigmoid', 'softmax',0.944083362818,0.9457
'categorical_hinge', 'categorical_accuracy', 'adamax', 'sigmoid', 'softmax',0.922916702926,0.9232
'poisson', 'binary_accuracy', 'rmsprop', 'sigmoid', 'softmax',0.991308515271,0.9579
'poisson', 'binary_accuracy', 'adamax', 'sigmoid', 'softmax',0.987583508094,0.9324
'poisson', 'categorical_accuracy', 'rmsprop', 'sigmoid', 'softmax',0.954666706423,0.9596
'poisson', 'categorical_accuracy', 'adamax', 'sigmoid', 'softmax',0.936666692297,0.9364
'categorical_crossentropy', 'binary_accuracy', 'rmsprop', 'sigmoid', 'softmax',0.991575166583,0.9578
'categorical_crossentropy', 'binary_accuracy', 'adamax', 'sigmoid', 'softmax',0.987550171713,0.9284
'categorical_crossentropy', 'categorical_accuracy', 'rmsprop', 'sigmoid', 'softmax',0.954583369195,0.9559
'categorical_crossentropy', 'categorical_accuracy', 'adamax', 'sigmoid', 'softmax',0.933916725218,0.9296
'categorical_hinge', 'binary_accuracy', 'rmsprop', 'sigmoid', 'softmax',0.988566838205,0.9479
'categorical_hinge', 'binary_accuracy', 'adamax', 'sigmoid', 'softmax',0.984716842572,0.9187
'categorical_hinge', 'categorical_accuracy', 'rmsprop', 'sigmoid', 'softmax',0.94316671292,0.9437
'categorical_hinge', 'categorical_accuracy', 'adamax', 'sigmoid', 'softmax',0.820916682482,0.8266
'poisson', 'binary_accuracy', 'rmsprop', 'sigmoid', 'softmax',0.990575169524,0.9578
'poisson', 'binary_accuracy', 'adamax', 'sigmoid', 'softmax',0.987325166663,0.9328
'poisson', 'categorical_accuracy', 'rmsprop', 'sigmoid', 'softmax',0.956416693827,0.9583
'poisson', 'categorical_accuracy', 'adamax', 'sigmoid', 'softmax',0.936833364268,0.938
'categorical_crossentropy', 'binary_accuracy', 'rmsprop', 'sigmoid', 'softmax',0.991133506099,0.9548
'categorical_crossentropy', 'binary_accuracy', 'adamax', 'sigmoid', 'softmax',0.987625161807,0.9334
'categorical_crossentropy', 'categorical_accuracy', 'rmsprop', 'sigmoid', 'softmax',0.950000032783,0.9503
'categorical_crossentropy', 'categorical_accuracy', 'adamax', 'sigmoid', 'softmax',0.933916715284,0.9274
'categorical_hinge', 'binary_accuracy', 'adamax', 'tanh', 'softmax',0.977416848143,0.8709
'categorical_hinge', 'categorical_accuracy', 'rmsprop', 'tanh', 'softmax',0.958583379785,0.9614
'categorical_hinge', 'categorical_accuracy', 'adamax', 'tanh', 'softmax',0.787583351135,0.7803
'poisson', 'binary_accuracy', 'rmsprop', 'tanh', 'softmax',0.99297516793,0.9686
'poisson', 'binary_accuracy', 'adamax', 'tanh', 'softmax',0.991900178293,0.9542
'poisson', 'categorical_accuracy', 'rmsprop', 'tanh', 'softmax',0.960666701198,0.9594
'poisson', 'categorical_accuracy', 'adamax', 'tanh', 'softmax',0.959750031432,0.9578
'categorical_crossentropy', 'binary_accuracy', 'rmsprop', 'tanh', 'softmax',0.993416820963,0.9679
'categorical_crossentropy', 'binary_accuracy', 'adamax', 'tanh', 'softmax',0.992091846963,0.9567
'categorical_crossentropy', 'categorical_accuracy', 'rmsprop', 'tanh', 'softmax',0.967000037432,0.9702
'categorical_crossentropy', 'categorical_accuracy', 'adamax', 'tanh', 'softmax',0.95841669788,0.9578
'categorical_hinge', 'binary_accuracy', 'rmsprop', 'tanh', 'softmax',0.991800159216,0.9631
'categorical_hinge', 'binary_accuracy', 'adamax', 'tanh', 'softmax',0.989575167497,0.9496
'categorical_hinge', 'categorical_accuracy', 'rmsprop', 'tanh', 'softmax',0.955500038962,0.9571
'categorical_hinge', 'categorical_accuracy', 'adamax', 'tanh', 'softmax',0.949416706959,0.9483
'poisson', 'binary_accuracy', 'rmsprop', 'tanh', 'softmax',0.993725170692,0.9688
'poisson', 'binary_accuracy', 'adamax', 'tanh', 'softmax',0.99228349328,0.9586
'poisson', 'categorical_accuracy', 'rmsprop', 'tanh', 'softmax',0.969416720172,0.9694
'poisson', 'categorical_accuracy', 'adamax', 'tanh', 'softmax',0.959166708092,0.9603
'categorical_crossentropy', 'binary_accuracy', 'rmsprop', 'tanh', 'softmax',0.993600159883,0.9693
'categorical_crossentropy', 'binary_accuracy', 'adamax', 'tanh', 'softmax',0.992150172591,0.9573
'categorical_crossentropy', 'categorical_accuracy', 'rmsprop', 'tanh', 'softmax',0.967500023544,0.967
'categorical_crossentropy', 'categorical_accuracy', 'adamax', 'tanh', 'softmax',0.958333370586,0.9547
'categorical_hinge', 'binary_accuracy', 'rmsprop', 'sigmoid', 'softmax',0.988058499992,0.941
'categorical_hinge', 'binary_accuracy', 'adamax', 'sigmoid', 'softmax',0.972833501796,0.8409
'categorical_hinge', 'categorical_accuracy', 'rmsprop', 'sigmoid', 'softmax',0.94283337146,0.9438
'categorical_hinge', 'categorical_accuracy', 'adamax', 'sigmoid', 'softmax',0.842750010391,0.8335
'poisson', 'binary_accuracy', 'rmsprop', 'sigmoid', 'softmax',0.991633509596,0.9594
'poisson', 'binary_accuracy', 'adamax', 'sigmoid', 'softmax',0.987208517889,0.922
'poisson', 'categorical_accuracy', 'rmsprop', 'sigmoid', 'softmax',0.952166698873,0.955
'poisson', 'categorical_accuracy', 'adamax', 'sigmoid', 'softmax',0.934083364904,0.9284
'categorical_crossentropy', 'binary_accuracy', 'rmsprop', 'sigmoid', 'softmax',0.99149184674,0.9591
'categorical_crossentropy', 'binary_accuracy', 'adamax', 'sigmoid', 'softmax',0.987666825453,0.9343
'categorical_crossentropy', 'categorical_accuracy', 'rmsprop', 'sigmoid', 'softmax',0.956833377481,0.9559
'categorical_crossentropy', 'categorical_accuracy', 'adamax', 'sigmoid', 'softmax',0.938000043233,0.9331
'poisson', 'categorical_accuracy', 'rmsprop', 'sigmoid', 'softmax',0.957333371043,0.9569
'poisson', 'categorical_accuracy', 'adamax', 'sigmoid', 'softmax',0.937583371997,0.9326
'categorical_crossentropy', 'binary_accuracy', 'rmsprop', 'sigmoid', 'softmax',0.990958509346,0.9586
'categorical_crossentropy', 'binary_accuracy', 'adamax', 'sigmoid', 'softmax',0.98705017815,0.929
'categorical_crossentropy', 'categorical_accuracy', 'rmsprop', 'sigmoid', 'softmax',0.957000039518,0.9554
'categorical_crossentropy', 'categorical_accuracy', 'adamax', 'sigmoid', 'softmax',0.935583375394,0.9324
'categorical_crossentropy', 'binary_accuracy', 'adamax', 'sigmoid', 'softmax',0.987066827714,0.9253
'categorical_crossentropy', 'categorical_accuracy', 'rmsprop', 'sigmoid', 'softmax',0.955500046412,0.9598
'categorical_crossentropy', 'categorical_accuracy', 'adamax', 'sigmoid', 'softmax',0.936000026762,0.9295
'categorical_crossentropy', 'categorical_accuracy', 'adamax', 'tanh', 'softmax',0.95966669172,0.9577
'categorical_crossentropy', 'categorical_accuracy', 'adamax', 'sigmoid', 'softmax',0.936083368957,0.9306
